Workbook

Sheet Nov. 24
A1: วัน/เดือน/ปี | B1: เวลาทำงานปกติ | D1: เวลาพัก ot จ-ศ | E1: เวลาเลิก จ-ศ | F1: เวลาเลิก ส-อ | G1: ot ( hr/min) | H1: Ot x 1.5 | I1: Ot x 1 | J1: Ot x 1
A2: 45597 | B2: 8 | G2: =E2-D2 -> 0 | H2: =IF(D2<>"",IF(MOD(G2,1)<>0,G2+0.2,G2),"") | I2: =IF(F2<>"",(F2-B2)-1,"") | J2: =IF(I2<>"",IF(MOD(I2,1)<>0,I2-0.2,I2),"")
A3: 45598 | B3: 8 | G3: =E3-D3 -> 0 | H3: =IF(D3<>"",IF(MOD(G3,1)<>0,G3+0.2,G3),"") | I3: =IF(F3<>"",(F3-B3)-1,"") | J3: =IF(I3<>"",IF(MOD(I3,1)<>0,I3-0.2,I3),"")
A4: 45599 | B4: 8 | G4: =E4-D4 -> 0 | H4: =IF(D4<>"",IF(MOD(G4,1)<>0,G4+0.2,G4),"") | I4: =IF(F4<>"",(F4-B4)-1,"") | J4: =IF(I4<>"",IF(MOD(I4,1)<>0,I4-0.2,I4),"")
A5: 45600 | B5: 8 | G5: =E5-D5 -> 0 | H5: =IF(D5<>"",IF(MOD(G5,1)<>0,G5+0.2,G5),"") | I5: =IF(F5<>"",(F5-B5)-1,"") | J5: =IF(I5<>"",IF(MOD(I5,1)<>0,I5-0.2,I5),"")
A6: 45601 | B6: 8 | G6: =E6-D6 -> 0 | H6: =IF(D6<>"",IF(MOD(G6,1)<>0,G6+0.2,G6),"") | I6: =IF(F6<>"",(F6-B6)-1,"") | J6: =IF(I6<>"",IF(MOD(I6,1)<>0,I6-0.2,I6),"")
A7: 45602 | B7: 8 | G7: =E7-D7 -> 0 | H7: =IF(D7<>"",IF(MOD(G7,1)<>0,G7+0.2,G7),"") | I7: =IF(F7<>"",(F7-B7)-1,"") | J7: =IF(I7<>"",IF(MOD(I7,1)<>0,I7-0.2,I7),"")
A8: 45603 | B8: 8 | G8: =E8-D8 -> 0 | H8: =IF(D8<>"",IF(MOD(G8,1)<>0,G8+0.2,G8),"") | I8: =IF(F8<>"",(F8-B8)-1,"") | J8: =IF(I8<>"",IF(MOD(I8,1)<>0,I8-0.2,I8),"")
A9: 45604 | B9: 8 | G9: =E9-D9 -> 0 | H9: =IF(D9<>"",IF(MOD(G9,1)<>0,G9+0.2,G9),"") | I9: =IF(F9<>"",(F9-B9)-1,"") | J9: =IF(I9<>"",IF(MOD(I9,1)<>0,I9-0.2,I9),"")
A10: 45605 | B10: 8 | G10: =E10-D10 -> 0 | H10: =IF(D10<>"",IF(MOD(G10,1)<>0,G10+0.2,G10),"") | I10: =IF(F10<>"",(F10-B10)-1,"") | J10: =IF(I10<>"",IF(MOD(I10,1)<>0,I10-0.2,I10),"")
A11: 45606 | B11: 8 | G11: =E11-D11 -> 0 | H11: =IF(D11<>"",IF(MOD(G11,1)<>0,G11+0.2,G11),"") | I11: =IF(F11<>"",(F11-B11)-1,"") | J11: =IF(I11<>"",IF(MOD(I11,1)<>0,I11-0.2,I11),"")
A12: 45607 | B12: 8 | G12: =E12-D12 -> 0 | H12: =IF(D12<>"",IF(MOD(G12,1)<>0,G12+0.2,G12),"") | I12: =IF(F12<>"",(F12-B12)-1,"") | J12: =IF(I12<>"",IF(MOD(I12,1)<>0,I12-0.2,I12),"")
A13: 45608 | B13: 8 | G13: =E13-D13 -> 0 | H13: =IF(D13<>"",IF(MOD(G13,1)<>0,G13+0.2,G13),"") | I13: =IF(F13<>"",(F13-B13)-1,"") | J13: =IF(I13<>"",IF(MOD(I13,1)<>0,I13-0.2,I13),"")
... A15: 45610 | B15: 8 | G15: =E15-D15 -> 0 | H15: =IF(D15<>"",IF(MOD(G15,1)<>0,G15+0.2,G15),"") | I15: =IF(F15<>"",(F15-B15)-1,"") | J15: =IF(I15<>"",IF(MOD(I15,1)<>0,I15-0.2,I15),"")
A16: 45611 | B16: 8 | C16: 17 | E16: 17 | G16: =E16-D16 -> 17 | H16: =IF(D16<>"",IF(MOD(G16,1)<>0,G16+0.2,G16),"") | I16: =IF(F16<>"",(F16-B16)-1,"") | J16: =IF(I16<>"",IF(MOD(I16,1)<>0,I16-0.2,I16),"")
A17: 45612 | B17: 9 | C17: 17 | F17: 17 | G17: =E17-D17 -> 0 | H17: =IF(D17<>"",IF(MOD(G17,1)<>0,G17+0.2,G17),"") | I17: =IF(F17<>"",(F17-B17)-1,"") -> 7 | J17: =IF(I17<>"",IF(MOD(I17,1)<>0,I17-0.2,I17),"") -> 7
A18: 45613 | B18: 8 | G18: =E18-D18 -> 0 | H18: =IF(D18<>"",IF(MOD(G18,1)<>0,G18+0.2,G18),"") | I18: =IF(F18<>"",(F18-B18)-1,"") | J18: =IF(I18<>"",IF(MOD(I18,1)<>0,I18-0.2,I18),"")
A19: 45614 | B19: 8 | C19: 17 | D19: 17.2 | E19: 19.51 | G19: =E19-D19 -> 2.31 | H19: =IF(D19<>"",IF(MOD(G19,1)<>0,G19+0.2,G19),"") -> 2.51 | I19: =IF(F19<>"",(F19-B19)-1,"") | J19: =IF(I19<>"",IF(MOD(I19,1)<>0,I19-0.2,I19),"")
A20: 45615 | B20: 8 | C20: 17 | D20: 17.2 | E20: 19.51 | G20: =E20-D20 -> 2.31 | H20: =IF(D20<>"",IF(MOD(G20,1)<>0,G20+0.2,G20),"") -> 2.51 | I20: =IF(F20<>"",(F20-B20)-1,"") | J20: =IF(I20<>"",IF(MOD(I20,1)<>0,I20-0.2,I20),"")
A21: 45616 | B21: 8 | C21: 17 | D21: 17.2 | E21: 19.5 | G21: =E21-D21 -> 2.3 | H21: =IF(D21<>"",IF(MOD(G21,1)<>0,G21+0.2,G21),"") -> 2.5 | I21: =IF(F21<>"",(F21-B21)-1,"") | J21: =IF(I21<>"",IF(MOD(I21,1)<>0,I21-0.2,I21),"")
A22: 45617 | B22: 8 | C22: 17 | E22: 17.05 | G22: =E22-D22 -> 17.05 | H22: =IF(D22<>"",IF(MOD(G22,1)<>0,G22+0.2,G22),"") | I22: =IF(F22<>"",(F22-B22)-1,"") | J22: =IF(I22<>"",IF(MOD(I22,1)<>0,I22-0.2,I22),"")
A23: 45618 | B23: 8 | C23: 17 | D23: 17.2 | E23: 19.2 | G23: =E23-D23 -> 2 | H23: =IF(D23<>"",IF(MOD(G23,1)<>0,G23+0.2,G23),"") -> 2 | I23: =IF(F23<>"",(F23-B23)-1,"") | J23: =IF(I23<>"",IF(MOD(I23,1)<>0,I23-0.2,I23),"")
A24: 45619 | B24: 8.3 | C24: 17 | F24: 17 | G24: =E24-D24 -> 0 | H24: =IF(D24<>"",IF(MOD(G24,1)<>0,G24+0.2,G24),"") | I24: =IF(F24<>"",(F24-B24)-1,"") -> 7.7 | J24: =IF(I24<>"",IF(MOD(I24,1)<>0,I24-0.2,I24),"") -> 7.5
A25: 45620 | B25: 8 | G25: =E25-D25 -> 0 | H25: =IF(D25<>"",IF(MOD(G25,1)<>0,G25+0.2,G25),"") | I25: =IF(F25<>"",(F25-B25)-1,"") | J25: =IF(I25<>"",IF(MOD(I25,1)<>0,I25-0.2,I25),"")
A26: 45621 | B26: 8 | C26: 17 | D26: 17.2 | E26: 18.2 | G26: =E26-D26 -> 1 | H26: =IF(D26<>"",IF(MOD(G26,1)<>0,G26+0.2,G26),"") -> 1 | I26: =IF(F26<>"",(F26-B26)-1,"") | J26: =IF(I26<>"",IF(MOD(I26,1)<>0,I26-0.2,I26),"")
A27: 45622 | B27: 8 | C27: 17 | D27: 17.2 | E27: 20.5 | G27: =E27-D27 -> 3.3 | H27: =IF(D27<>"",IF(MOD(G27,1)<>0,G27+0.2,G27),"") -> 3.5 | I27: =IF(F27<>"",(F27-B27)-1,"") | J27: =IF(I27<>"",IF(MOD(I27,1)<>0,I27-0.2,I27),"")
A28: 45623 | B28: 8 | C28: 17 | D28: 17.2 | E28: 19.5 | G28: =E28-D28 -> 2.3 | H28: =IF(D28<>"",IF(MOD(G28,1)<>0,G28+0.2,G28),"") -> 2.5 | I28: =IF(F28<>"",(F28-B28)-1,"") | J28: =IF(I28<>"",IF(MOD(I28,1)<>0,I28-0.2,I28),"")
A29: 45624 | B29: 8 | C29: 17 | E29: 17 | G29: =E29-D29 -> 17 | H29: =IF(D29<>"",IF(MOD(G29,1)<>0,G29+0.2,G29),"") | I29: =IF(F29<>"",(F29-B29)-1,"") | J29: =IF(I29<>"",IF(MOD(I29,1)<>0,I29-0.2,I29),"")
A30: 45625 | B30: 8 | C30: 17 | D30: 17.2 | E30: 19.5 | G30: =E30-D30 -> 2.3 | H30: =IF(D30<>"",IF(MOD(G30,1)<>0,G30+0.2,G30),"") -> 2.5 | I30: =IF(F30<>"",(F30-B30)-1,"") | J30: =IF(I30<>"",IF(MOD(I30,1)<>0,I30-0.2,I30),"")
A31: 45626 | G31: =E31-D31 -> 0 | H31: =IF(D31<>"",IF(MOD(G31,1)<>0,G31+0.2,G31),"") | I31: =IF(F31<>"",(F31-B31)-1,"") | J31: =IF(I31<>"",IF(MOD(I31,1)<>0,I31-0.2,I31),"")

Sheet Dec. 24 
A1: วัน/เดือน/ปี | B1: เวลาทำงานปกติ | D1: เวลาพัก ot จ-ศ | E1: เวลาเลิก จ-ศ | F1: เวลาเลิก ส-อ | G1: ot ( hr/min) | H1: Ot x 1.5 | I1: Ot x 1 | J1: Ot x 1
A2: 45627 | D2: =IF(E2>17,"17.20","") | G2: =E2-D2 -> #VALUE! | H2: =IF(D2<>"",IF(MOD(G2,1)<>0,G2+0.2,G2),"") | I2: =IF(F2<>"",(F2-B2)-1,"") | J2: =IF(I2<>"",IF(MOD(I2,1)<>0,I2-0.2,I2),"")
A3: 45628 | B3: 8 | C3: 17 | D3: =IF(E3>17,"17.20","") | E3: 17 | G3: =E3-D3 -> #VALUE! | H3: =IF(D3<>"",IF(MOD(G3,1)<>0,G3+0.2,G3),"") | I3: =IF(F3<>"",(F3-B3)-1,"") | J3: =IF(I3<>"",IF(MOD(I3,1)<>0,I3-0.2,I3),"")
A4: 45629 | B4: 8 | C4: 17 | D4: =IF(E4>17,"17.20","") -> 17.20 | E4: 19.5 | G4: =E4-D4 -> 2.3 | H4: =IF(D4<>"",IF(MOD(G4,1)<>0,G4+0.2,G4),"") -> 2.5 | I4: =IF(F4<>"",(F4-B4)-1,"") | J4: =IF(I4<>"",IF(MOD(I4,1)<>0,I4-0.2,I4),"")
A5: 45630 | B5: 8 | C5: 17 | D5: =IF(E5>17,"17.20","") -> 17.20 | E5: 19.5 | G5: =E5-D5 -> 2.3 | H5: =IF(D5<>"",IF(MOD(G5,1)<>0,G5+0.2,G5),"") -> 2.5 | I5: =IF(F5<>"",(F5-B5)-1,"") | J5: =IF(I5<>"",IF(MOD(I5,1)<>0,I5-0.2,I5),"")
A6: 45631 | B6: 8.3 | C6: 17 | D6: =IF(E6>17,"17.20","") | F6: 17 | G6: =E6-D6 -> #VALUE! | H6: =IF(D6<>"",IF(MOD(G6,1)<>0,G6+0.2,G6),"") | I6: =IF(F6<>"",(F6-B6)-1,"") -> 7.7 | J6: =IF(I6<>"",IF(MOD(I6,1)<>0,I6-0.2,I6),"") -> 7.5
A7: 45632 | B7: 8 | C7: 17 | D7: =IF(E7>17,"17.20","") -> 17.20 | E7: 19.5 | G7: =E7-D7 -> 2.3 | H7: =IF(D7<>"",IF(MOD(G7,1)<>0,G7+0.2,G7),"") -> 2.5 | I7: =IF(F7<>"",(F7-B7)-1,"") | J7: =IF(I7<>"",IF(MOD(I7,1)<>0,I7-0.2,I7),"")
A8: 45633 | B8: 9 | C8: 17 | D8: =IF(E8>17,"17.20","") | F8: 16 | G8: =E8-D8 -> #VALUE! | H8: =IF(D8<>"",IF(MOD(G8,1)<>0,G8+0.2,G8),"") | I8: =IF(F8<>"",(F8-B8)-1,"") -> 6 | J8: =IF(I8<>"",IF(MOD(I8,1)<>0,I8-0.2,I8),"") -> 6
A9: 45634 | D9: =IF(E9>17,"17.20","") | G9: =E9-D9 -> #VALUE! | H9: =IF(D9<>"",IF(MOD(G9,1)<>0,G9+0.2,G9),"") | I9: =IF(F9<>"",(F9-B9)-1,"") | J9: =IF(I9<>"",IF(MOD(I9,1)<>0,I9-0.2,I9),"")
A10: 45635 | B10: 8 | C10: 17 | D10: 17.2 | E10: 18.2 | G10: =E10-D10 -> 1 | H10: =IF(D10<>"",IF(MOD(G10,1)<>0,G10+0.2,G10),"") -> 1 | I10: =IF(F10<>"",(F10-B10)-1,"") | J10: =IF(I10<>"",IF(MOD(I10,1)<>0,I10-0.2,I10),"")
A11: 45636 | B11: 8 | C11: 17 | D11: 17.2 | E11: 19.5 | G11: =E11-D11 -> 2.3 | H11: =IF(D11<>"",IF(MOD(G11,1)<>0,G11+0.2,G11),"") -> 2.5 | I11: =IF(F11<>"",(F11-B11)-1,"") | J11: =IF(I11<>"",IF(MOD(I11,1)<>0,I11-0.2,I11),"")
A12: 45637 | B12: 8 | C12: 17 | D12: 17.2 | E12: 19.5 | G12: =E12-D12 -> 2.3 | H12: =IF(D12<>"",IF(MOD(G12,1)<>0,G12+0.2,G12),"") -> 2.5 | I12: =IF(F12<>"",(F12-B12)-1,"") | J12: =IF(I12<>"",IF(MOD(I12,1)<>0,I12-0.2,I12),"")
A13: 45638 | B13: 8 | C13: 17 | E13: 17 | G13: =E13-D13 -> 17 | H13: =IF(D13<>"",IF(MOD(G13,1)<>0,G13+0.2,G13),"") | I13: =IF(F13<>"",(F13-B13)-1,"") | J13: =IF(I13<>"",IF(MOD(I13,1)<>0,I13-0.2,I13),"")
A14: 45639 | B14: 8 | C14: 17 | D14: 17.2 | E14: 19.2 | G14: =E14-D14 -> 2 | H14: =IF(D14<>"",IF(MOD(G14,1)<>0,G14+0.2,G14),"") -> 2 | I14: =IF(F14<>"",(F14-B14)-1,"") | J14: =IF(I14<>"",IF(MOD(I14,1)<>0,I14-0.2,I14),"")
A15: 45640 | B15: 9.3 | C15: 17 | D15: =IF(E15>17,"17.20","") | F15: 15 | G15: =E15-D15 -> #VALUE! | H15: =IF(D15<>"",IF(MOD(G15,1)<>0,G15+0.2,G15),"") | I15: =IF(F15<>"",(F15-B15)-1,"") -> 4.7 | J15: =IF(I15<>"",IF(MOD(I15,1)<>0,I15-0.2,I15),"") -> 4.5
A16: 45641 | D16: =IF(E16>17,"17.20","") | G16: =E16-D16 -> #VALUE! | H16: =IF(D16<>"",IF(MOD(G16,1)<>0,G16+0.2,G16),"") | I16: =IF(F16<>"",(F16-B16)-1,"") | J16: =IF(I16<>"",IF(MOD(I16,1)<>0,I16-0.2,I16),"") | L16: OT ประจำเดือน Dec.24
A17: 45642 | B17: 8 | C17: 17 | D17: =IF(E17>17,"17.20","") -> 17.20 | E17: 19.5 | G17: =E17-D17 -> 2.3 | H17: =IF(D17<>"",IF(MOD(G17,1)<>0,G17+0.2,G17),"") -> 2.5 | I17: =IF(F17<>"",(F17-B17)-1,"") | J17: =IF(I17<>"",IF(MOD(I17,1)<>0,I17-0.2,I17),"") | L17: รวม ot | M17: 1.5 Hr. | N17: 1 Hr.
A18: 45643 | B18: 8 | C18: 17 | D18: =IF(E18>17,"17.20","") -> 17.20 | E18: 19.5 | G18: =E18-D18 -> 2.3 | H18: =IF(D18<>"",IF(MOD(G18,1)<>0,G18+0.2,G18),"") -> 2.5 | I18: =IF(F18<>"",(F18-B18)-1,"") | J18: =IF(I18<>"",IF(MOD(I18,1)<>0,I18-0.2,I18),"") | M18: =SUM('Nov. 24'!H17:H31)+SUM('Dec. 24 '!H2:H16) -> 34.52 | N18: =SUM('Nov. 24'!J17:J31)+SUM('Dec. 24 '!J2:J16) -> 32.5
A19: 45644 | B19: 8 | C19: 17 | D19: =IF(E19>17,"17.20","") -> 17.20 | E19: 19.5 | G19: =E19-D19 -> 2.3 | H19: =IF(D19<>"",IF(MOD(G19,1)<>0,G19+0.2,G19),"") -> 2.5 | I19: =IF(F19<>"",(F19-B19)-1,"") | J19: =IF(I19<>"",IF(MOD(I19,1)<>0,I19-0.2,I19),"")
A20: 45645 | B20: 8 | C20: 17 | D20: =IF(E20>17,"17.20","") | G20: =E20-D20 -> #VALUE! | H20: =IF(D20<>"",IF(MOD(G20,1)<>0,G20+0.2,G20),"") | I20: =IF(F20<>"",(F20-B20)-1,"") | J20: =IF(I20<>"",IF(MOD(I20,1)<>0,I20-0.2,I20),"")
A21: 45646 | B21: 8 | C21: 17 | D21: =IF(E21>17,"17.20","") -> 17.20 | E21: 19.2 | G21: =E21-D21 -> 2 | H21: =IF(D21<>"",IF(MOD(G21,1)<>0,G21+0.2,G21),"") -> 2 | I21: =IF(F21<>"",(F21-B21)-1,"") | J21: =IF(I21<>"",IF(MOD(I21,1)<>0,I21-0.2,I21),"")
A22: 45647 | D22: =IF(E22>17,"17.20","") | G22: =E22-D22 -> #VALUE! | H22: =IF(D22<>"",IF(MOD(G22,1)<>0,G22+0.2,G22),"") | I22: =IF(F22<>"",(F22-B22)-1,"") | J22: =IF(I22<>"",IF(MOD(I22,1)<>0,I22-0.2,I22),"")
A23: 45648 | D23: =IF(E23>17,"17.20","") | G23: =E23-D23 -> #VALUE! | H23: =IF(D23<>"",IF(MOD(G23,1)<>0,G23+0.2,G23),"") | I23: =IF(F23<>"",(F23-B23)-1,"") | J23: =IF(I23<>"",IF(MOD(I23,1)<>0,I23-0.2,I23),"")
A24: 45649 | B24: 8 | C24: 17 | D24: =IF(E24>17,"17.20","") -> 17.20 | E24: 19.5 | G24: =E24-D24 -> 2.3 | H24: =IF(D24<>"",IF(MOD(G24,1)<>0,G24+0.2,G24),"") -> 2.5 | I24: =IF(F24<>"",(F24-B24)-1,"") | J24: =IF(I24<>"",IF(MOD(I24,1)<>0,I24-0.2,I24),"")
A25: 45650 | B25: 8 | C25: 17 | D25: =IF(E25>17,"17.20","") | G25: =E25-D25 -> #VALUE! | H25: =IF(D25<>"",IF(MOD(G25,1)<>0,G25+0.2,G25),"") | I25: =IF(F25<>"",(F25-B25)-1,"") | J25: =IF(I25<>"",IF(MOD(I25,1)<>0,I25-0.2,I25),"")
A26: 45651 | B26: 8 | C26: 17 | D26: =IF(E26>17,"17.20","") | G26: =E26-D26 -> #VALUE! | H26: =IF(D26<>"",IF(MOD(G26,1)<>0,G26+0.2,G26),"") | I26: =IF(F26<>"",(F26-B26)-1,"") | J26: =IF(I26<>"",IF(MOD(I26,1)<>0,I26-0.2,I26),"")
A27: 45652 | B27: 8 | C27: 17 | D27: =IF(E27>17,"17.20","") | G27: =E27-D27 -> #VALUE! | H27: =IF(D27<>"",IF(MOD(G27,1)<>0,G27+0.2,G27),"") | I27: =IF(F27<>"",(F27-B27)-1,"") | J27: =IF(I27<>"",IF(MOD(I27,1)<>0,I27-0.2,I27),"")
A28: 45653 | D28: =IF(E28>17,"17.20","") | G28: =E28-D28 -> #VALUE! | H28: =IF(D28<>"",IF(MOD(G28,1)<>0,G28+0.2,G28),"") | I28: =IF(F28<>"",(F28-B28)-1,"") | J28: =IF(I28<>"",IF(MOD(I28,1)<>0,I28-0.2,I28),"")
A29: 45654 | B29: 9.3 | C29: 17 | D29: =IF(E29>17,"17.20","") | F29: 16 | G29: =E29-D29 -> #VALUE! | H29: =IF(D29<>"",IF(MOD(G29,1)<>0,G29+0.2,G29),"") | I29: =IF(F29<>"",(F29-B29)-1,"") -> 5.7 | J29: =IF(I29<>"",IF(MOD(I29,1)<>0,I29-0.2,I29),"") -> 5.5
A30: 45655 | B30: 10.3 | C30: 17 | D30: =IF(E30>17,"17.20","") | F30: 14 | G30: =E30-D30 -> #VALUE! | H30: =IF(D30<>"",IF(MOD(G30,1)<>0,G30+0.2,G30),"") | I30: =IF(F30<>"",(F30-B30)-1,"") -> 2.7 | J30: =IF(I30<>"",IF(MOD(I30,1)<>0,I30-0.2,I30),"") -> 2.5
A31: 45656 | D31: =IF(E31>17,"17.20","") | G31: =E31-D31 -> #VALUE! | H31: =IF(D31<>"",IF(MOD(G31,1)<>0,G31+0.2,G31),"") | I31: =IF(F31<>"",(F31-B31)-1,"") | J31: =IF(I31<>"",IF(MOD(I31,1)<>0,I31-0.2,I31),"")
A32: 45657 | D32: =IF(E32>17,"17.20","") | G32: =E32-D32 -> #VALUE! | H32: =IF(D32<>"",IF(MOD(G32,1)<>0,G32+0.2,G32),"") | I32: =IF(F32<>"",(F32-B32)-1,"") | J32: =IF(I32<>"",IF(MOD(I32,1)<>0,I32-0.2,I32),"")
A34: =M18*173.07 -> 5974.3764 | B34: =N18*115.38 -> 3749.85 | C34: =A34+B34 -> 9724.2264

Sheet Jan.25
A1: วัน/เดือน/ปี | B1: เวลาทำงานปกติ | D1: เวลาพัก ot จ-ศ | E1: เวลาเลิก จ-ศ | F1: เวลาเลิก ส-อ | G1: ot ( hr/min) | H1: Ot x 1.5 | I1: Ot x 1 | J1: Ot x 1
A2: 45658 | D2: =IF(E2>17,"17.20","") | G2: =E2-D2 -> #VALUE! | H2: =IF(D2<>"",IF(MOD(G2,1)<>0,G2+0.2,G2),"") | I2: =IF(F2<>"",(F2-B2)-1,"") | J2: =IF(I2<>"",IF(MOD(I2,1)<>0,I2-0.2,I2),"")
A3: 45659 | D3: =IF(E3>17,"17.20","") | G3: =E3-D3 -> #VALUE! | H3: =IF(D3<>"",IF(MOD(G3,1)<>0,G3+0.2,G3),"") | I3: =IF(F3<>"",(F3-B3)-1,"") | J3: =IF(I3<>"",IF(MOD(I3,1)<>0,I3-0.2,I3),"")
A4: 45660 | B4: 8 | C4: 17 | G4: =E4-D4 -> 0 | H4: =IF(D4<>"",IF(MOD(G4,1)<>0,G4+0.2,G4),"") | I4: =IF(F4<>"",(F4-B4)-1,"") | J4: =IF(I4<>"",IF(MOD(I4,1)<>0,I4-0.2,I4),"")
A5: 45661 | B5: 9.3 | C5: 17 | D5: =IF(E5>17,"17.20","") | F5: 15 | G5: =E5-D5 -> #VALUE! | H5: =IF(D5<>"",IF(MOD(G5,1)<>0,G5+0.2,G5),"") | I5: =IF(F5<>"",(F5-B5)-1,"") -> 4.7 | J5: =IF(I5<>"",IF(MOD(I5,1)<>0,I5-0.2,I5),"") -> 4.5
A6: 45662 | D6: =IF(E6>17,"17.20","") | G6: =E6-D6 -> #VALUE! | H6: =IF(D6<>"",IF(MOD(G6,1)<>0,G6+0.2,G6),"") | I6: =IF(F6<>"",(F6-B6)-1,"") | J6: =IF(I6<>"",IF(MOD(I6,1)<>0,I6-0.2,I6),"")
A7: 45663 | B7: 8 | C7: 17 | D7: =IF(E7>17,"17.20","") -> 17.20 | E7: 19.5 | G7: =E7-D7 -> 2.3 | H7: =IF(D7<>"",IF(MOD(G7,1)<>0,G7+0.2,G7),"") -> 2.5 | I7: =IF(F7<>"",(F7-B7)-1,"") | J7: =IF(I7<>"",IF(MOD(I7,1)<>0,I7-0.2,I7),"")
A8: 45664 | B8: 8 | C8: 17 | D8: =IF(E8>17,"17.20","") | G8: =E8-D8 -> #VALUE! | H8: =IF(D8<>"",IF(MOD(G8,1)<>0,G8+0.2,G8),"") | I8: =IF(F8<>"",(F8-B8)-1,"") | J8: =IF(I8<>"",IF(MOD(I8,1)<>0,I8-0.2,I8),"")
A9: 45665 | B9: 8 | C9: 17 | D9: =IF(E9>17,"17.20","") -> 17.20 | E9: 20.2 | G9: =E9-D9 -> 3 | H9: =IF(D9<>"",IF(MOD(G9,1)<>0,G9+0.2,G9),"") -> 3 | I9: =IF(F9<>"",(F9-B9)-1,"") | J9: =IF(I9<>"",IF(MOD(I9,1)<>0,I9-0.2,I9),"")
A10: 45666 | B10: 8 | C10: 17 | D10: =IF(E10>17,"17.20","") -> 17.20 | E10: 19.5 | G10: =E10-D10 -> 2.3 | H10: =IF(D10<>"",IF(MOD(G10,1)<>0,G10+0.2,G10),"") -> 2.5 | I10: =IF(F10<>"",(F10-B10)-1,"") | J10: =IF(I10<>"",IF(MOD(I10,1)<>0,I10-0.2,I10),"")
A11: 45667 | B11: 8 | C11: 17 | D11: =IF(E11>17,"17.20","") -> 17.20 | E11: 19.2 | G11: =E11-D11 -> 2 | H11: =IF(D11<>"",IF(MOD(G11,1)<>0,G11+0.2,G11),"") -> 2 | I11: =IF(F11<>"",(F11-B11)-1,"") | J11: =IF(I11<>"",IF(MOD(I11,1)<>0,I11-0.2,I11),"")
A12: 45668 | G12: =E12-D12 -> 0 | H12: =IF(D12<>"",IF(MOD(G12,1)<>0,G12+0.2,G12),"") | I12: =IF(F12<>"",(F12-B12)-1,"") | J12: =IF(I12<>"",IF(MOD(I12,1)<>0,I12-0.2,I12),"")
A13: 45669 | G13: =E13-D13 -> 0 | H13: =IF(D13<>"",IF(MOD(G13,1)<>0,G13+0.2,G13),"") | I13: =IF(F13<>"",(F13-B13)-1,"") | J13: =IF(I13<>"",IF(MOD(I13,1)<>0,I13-0.2,I13),"")
A14: 45670 | B14: 8 | C14: 17 | D14: =IF(E14>17,"17.20","") -> 17.20 | E14: 19.5 | G14: =E14-D14 -> 2.3 | H14: =IF(D14<>"",IF(MOD(G14,1)<>0,G14+0.2,G14),"") -> 2.5 | I14: =IF(F14<>"",(F14-B14)-1,"") | J14: =IF(I14<>"",IF(MOD(I14,1)<>0,I14-0.2,I14),"")
A15: 45671 | B15: 9.3 | C15: 17 | D15: =IF(E15>17,"17.20","") -> 17.20 | E15: 20.2 | G15: =E15-D15 -> 3 | H15: =IF(D15<>"",IF(MOD(G15,1)<>0,G15+0.2,G15),"") -> 3 | I15: =IF(F15<>"",(F15-B15)-1,"") | J15: =IF(I15<>"",IF(MOD(I15,1)<>0,I15-0.2,I15),"")
A16: 45672 | B16: 8 | C16: 17 | D16: =IF(E16>17,"17.20","") -> 17.20 | E16: 19.5 | G16: =E16-D16 -> 2.3 | H16: =IF(D16<>"",IF(MOD(G16,1)<>0,G16+0.2,G16),"") -> 2.5 | I16: =IF(F16<>"",(F16-B16)-1,"") | J16: =IF(I16<>"",IF(MOD(I16,1)<>0,I16-0.2,I16),"") | L16: OT ประจำเดือน Dec.24
A17: 45673 | B17: 8 | C17: 17 | D17: =IF(E17>17,"17.20","") | G17: =E17-D17 -> #VALUE! | H17: =IF(D17<>"",IF(MOD(G17,1)<>0,G17+0.2,G17),"") | I17: =IF(F17<>"",(F17-B17)-1,"") | J17: =IF(I17<>"",IF(MOD(I17,1)<>0,I17-0.2,I17),"") | L17: รวม ot | M17: 1.5 Hr. | N17: 1 Hr.
A18: 45674 | B18: 8 | C18: 17 | D18: =IF(E18>17,"17.20","") -> 17.20 | E18: 19.2 | G18: =E18-D18 -> 2 | H18: =IF(D18<>"",IF(MOD(G18,1)<>0,G18+0.2,G18),"") -> 2 | I18: =IF(F18<>"",(F18-B18)-1,"") | J18: =IF(I18<>"",IF(MOD(I18,1)<>0,I18-0.2,I18),"") | M18: =SUM('Dec. 24 '!H17:H32)+SUM(H2:H16) -> 30 | N18: =SUM('Dec. 24 '!J17:J32)+SUM(Jan.25!J2:J16) -> 12.5
A19: 45675 | B19: 9.3 | C19: 17 | D19: =IF(E19>17,"17.20","") | F19: 17 | G19: =E19-D19 -> #VALUE! | H19: =IF(D19<>"",IF(MOD(G19,1)<>0,G19+0.2,G19),"") | I19: =IF(F19<>"",(F19-B19)-1,"") -> 6.7 | J19: =IF(I19<>"",IF(MOD(I19,1)<>0,I19-0.2,I19),"") -> 6.5
A20: 45676 | D20: =IF(E20>17,"17.20","") | G20: =E20-D20 -> #VALUE! | H20: =IF(D20<>"",IF(MOD(G20,1)<>0,G20+0.2,G20),"") | I20: =IF(F20<>"",(F20-B20)-1,"") | J20: =IF(I20<>"",IF(MOD(I20,1)<>0,I20-0.2,I20),"")
A21: 45677 | B21: 8 | C21: 17 | D21: =IF(E21>17,"17.20","") -> 17.20 | E21: 19.5 | G21: =E21-D21 -> 2.3 | H21: =IF(D21<>"",IF(MOD(G21,1)<>0,G21+0.2,G21),"") -> 2.5 | I21: =IF(F21<>"",(F21-B21)-1,"") | J21: =IF(I21<>"",IF(MOD(I21,1)<>0,I21-0.2,I21),"")
A22: 45678 | B22: 8 | C22: 17 | D22: =IF(E22>17,"17.20","") -> 17.20 | E22: 19.5 | G22: =E22-D22 -> 2.3 | H22: =IF(D22<>"",IF(MOD(G22,1)<>0,G22+0.2,G22),"") -> 2.5 | I22: =IF(F22<>"",(F22-B22)-1,"") | J22: =IF(I22<>"",IF(MOD(I22,1)<>0,I22-0.2,I22),"")
A23: 45679 | B23: 8 | C23: 17 | D23: =IF(E23>17,"17.20","") | G23: =E23-D23 -> #VALUE! | H23: =IF(D23<>"",IF(MOD(G23,1)<>0,G23+0.2,G23),"") | I23: =IF(F23<>"",(F23-B23)-1,"") | J23: =IF(I23<>"",IF(MOD(I23,1)<>0,I23-0.2,I23),"")
A24: 45680 | D24: =IF(E24>17,"17.20","") | G24: =E24-D24 -> #VALUE! | H24: =IF(D24<>"",IF(MOD(G24,1)<>0,G24+0.2,G24),"") | I24: =IF(F24<>"",(F24-B24)-1,"") | J24: =IF(I24<>"",IF(MOD(I24,1)<>0,I24-0.2,I24),"")
A25: 45681 | D25: =IF(E25>17,"17.20","") | G25: =E25-D25 -> #VALUE! | H25: =IF(D25<>"",IF(MOD(G25,1)<>0,G25+0.2,G25),"") | I25: =IF(F25<>"",(F25-B25)-1,"") | J25: =IF(I25<>"",IF(MOD(I25,1)<>0,I25-0.2,I25),"")
A26: 45682 | D26: =IF(E26>17,"17.20","") | G26: =E26-D26 -> #VALUE! | H26: =IF(D26<>"",IF(MOD(G26,1)<>0,G26+0.2,G26),"") | I26: =IF(F26<>"",(F26-B26)-1,"") | J26: =IF(I26<>"",IF(MOD(I26,1)<>0,I26-0.2,I26),"")
A27: 45683 | D27: =IF(E27>17,"17.20","") | G27: =E27-D27 -> #VALUE! | H27: =IF(D27<>"",IF(MOD(G27,1)<>0,G27+0.2,G27),"") | I27: =IF(F27<>"",(F27-B27)-1,"") | J27: =IF(I27<>"",IF(MOD(I27,1)<>0,I27-0.2,I27),"")
A28: 45684 | B28: 8 | C28: 17 | D28: =IF(E28>17,"17.20","") -> 17.20 | E28: 19.5 | G28: =E28-D28 -> 2.3 | H28: =IF(D28<>"",IF(MOD(G28,1)<>0,G28+0.2,G28),"") -> 2.5 | I28: =IF(F28<>"",(F28-B28)-1,"") | J28: =IF(I28<>"",IF(MOD(I28,1)<>0,I28-0.2,I28),"")
A29: 45685 | B29: 8 | C29: 17 | D29: =IF(E29>17,"17.20","") -> 17.20 | E29: 19.2 | G29: =E29-D29 -> 2 | H29: =IF(D29<>"",IF(MOD(G29,1)<>0,G29+0.2,G29),"") -> 2 | I29: =IF(F29<>"",(F29-B29)-1,"") | J29: =IF(I29<>"",IF(MOD(I29,1)<>0,I29-0.2,I29),"")
A30: 45686 | B30: 8 | C30: 17 | D30: =IF(E30>17,"17.20","") -> 17.20 | E30: 19.5 | G30: =E30-D30 -> 2.3 | H30: =IF(D30<>"",IF(MOD(G30,1)<>0,G30+0.2,G30),"") -> 2.5 | I30: =IF(F30<>"",(F30-B30)-1,"") | J30: =IF(I30<>"",IF(MOD(I30,1)<>0,I30-0.2,I30),"")
A31: 45687 | B31: 8 | C31: 17 | D31: =IF(E31>17,"17.20","") | G31: =E31-D31 -> #VALUE! | H31: =IF(D31<>"",IF(MOD(G31,1)<>0,G31+0.2,G31),"") | I31: =IF(F31<>"",(F31-B31)-1,"") | J31: =IF(I31<>"",IF(MOD(I31,1)<>0,I31-0.2,I31),"")
A32: 45688 | B32: 8 | C32: 17 | D32: =IF(E32>17,"17.20","") -> 17.20 | E32: 19.2 | G32: =E32-D32 -> 2 | H32: =IF(D32<>"",IF(MOD(G32,1)<>0,G32+0.2,G32),"") -> 2 | I32: =IF(F32<>"",(F32-B32)-1,"") | J32: =IF(I32<>"",IF(MOD(I32,1)<>0,I32-0.2,I32),"")
A34: =M18*173.07 -> 5192.1 | B34: =N18*115.38 -> 1442.25 | C34: =A34+B34 -> 6634.35

Sheet Feb.25
A1: วัน/เดือน/ปี | B1: เวลาทำงานปกติ | D1: เวลาพัก ot จ-ศ | E1: เวลาเลิก จ-ศ | F1: เวลาเลิก ส-อ | G1: ot ( hr/min) | H1: Ot x 1.5 | I1: Ot x 1 | J1: Ot x 1 | K1: Ot x 3
A2: 45689 | B2: 8 | C2: 17 | D2: =IF(E2>17,"17.20","") | F2: 16 | G2: =E2-D2 -> #VALUE! | H2: =IF(D2<>"",IF(MOD(G2,1)<>0,G2+0.2,G2),"") | I2: =IF(F2<>"",(F2-B2)-1,"") -> 7 | J2: =IF(I2<>"",IF(MOD(I2,1)<>0,I2-0.2,I2),"") -> 7
A3: 45690 | D3: =IF(E3>17,"17.20","") | G3: =E3-D3 -> #VALUE! | H3: =IF(D3<>"",IF(MOD(G3,1)<>0,G3+0.2,G3),"") | I3: =IF(F3<>"",(F3-B3)-1,"") | J3: =IF(I3<>"",IF(MOD(I3,1)<>0,I3-0.2,I3),"")
A4: 45691 | B4: 8 | C4: 17 | D4: =IF(E4>17,"17.20","") | G4: =E4-D4 -> #VALUE! | H4: =IF(D4<>"",IF(MOD(G4,1)<>0,G4+0.2,G4),"") | I4: =IF(F4<>"",(F4-B4)-1,"") | J4: =IF(I4<>"",IF(MOD(I4,1)<>0,I4-0.2,I4),"")
A5: 45692 | D5: =IF(E5>17,"17.20","") | G5: =E5-D5 -> #VALUE! | H5: =IF(D5<>"",IF(MOD(G5,1)<>0,G5+0.2,G5),"") | I5: =IF(F5<>"",(F5-B5)-1,"") | J5: =IF(I5<>"",IF(MOD(I5,1)<>0,I5-0.2,I5),"")
A6: 45693 | D6: =IF(E6>17,"17.20","") | G6: =E6-D6 -> #VALUE! | H6: =IF(D6<>"",IF(MOD(G6,1)<>0,G6+0.2,G6),"") | I6: =IF(F6<>"",(F6-B6)-1,"") | J6: =IF(I6<>"",IF(MOD(I6,1)<>0,I6-0.2,I6),"")
A7: 45694 | D7: =IF(E7>17,"17.20","") | G7: =E7-D7 -> #VALUE! | H7: =IF(D7<>"",IF(MOD(G7,1)<>0,G7+0.2,G7),"") | I7: =IF(F7<>"",(F7-B7)-1,"") | J7: =IF(I7<>"",IF(MOD(I7,1)<>0,I7-0.2,I7),"")
A8: 45695 | D8: =IF(E8>17,"17.20","") | G8: =E8-D8 -> #VALUE! | H8: =IF(D8<>"",IF(MOD(G8,1)<>0,G8+0.2,G8),"") | I8: =IF(F8<>"",(F8-B8)-1,"") | J8: =IF(I8<>"",IF(MOD(I8,1)<>0,I8-0.2,I8),"")
A9: 45696 | D9: =IF(E9>17,"17.20","") | G9: =E9-D9 -> #VALUE! | H9: =IF(D9<>"",IF(MOD(G9,1)<>0,G9+0.2,G9),"") | I9: =IF(F9<>"",(F9-B9)-1,"") | J9: =IF(I9<>"",IF(MOD(I9,1)<>0,I9-0.2,I9),"")
A10: 45697 | D10: =IF(E10>17,"17.20","") | G10: =E10-D10 -> #VALUE! | H10: =IF(D10<>"",IF(MOD(G10,1)<>0,G10+0.2,G10),"") | I10: =IF(F10<>"",(F10-B10)-1,"") | J10: =IF(I10<>"",IF(MOD(I10,1)<>0,I10-0.2,I10),"")
A11: 45698 | D11: =IF(E11>17,"17.20","") | G11: =E11-D11 -> #VALUE! | H11: =IF(D11<>"",IF(MOD(G11,1)<>0,G11+0.2,G11),"") | I11: =IF(F11<>"",(F11-B11)-1,"") | J11: =IF(I11<>"",IF(MOD(I11,1)<>0,I11-0.2,I11),"")
A12: 45699 | D12: =IF(E12>17,"17.20","") | G12: =E12-D12 -> #VALUE! | H12: =IF(D12<>"",IF(MOD(G12,1)<>0,G12+0.2,G12),"") | I12: =IF(F12<>"",(F12-B12)-1,"") | J12: =IF(I12<>"",IF(MOD(I12,1)<>0,I12-0.2,I12),"")
A13: 45700 | D13: =IF(E13>17,"17.20","") | G13: =E13-D13 -> #VALUE! | H13: =IF(D13<>"",IF(MOD(G13,1)<>0,G13+0.2,G13),"") | I13: =IF(F13<>"",(F13-B13)-1,"") | J13: =IF(I13<>"",IF(MOD(I13,1)<>0,I13-0.2,I13),"")
A14: 45701 | D14: =IF(E14>17,"17.20","") | G14: =E14-D14 -> #VALUE! | H14: =IF(D14<>"",IF(MOD(G14,1)<>0,G14+0.2,G14),"") | I14: =IF(F14<>"",(F14-B14)-1,"") | J14: =IF(I14<>"",IF(MOD(I14,1)<>0,I14-0.2,I14),"")
A15: 45702 | D15: =IF(E15>17,"17.20","") | G15: =E15-D15 -> #VALUE! | H15: =IF(D15<>"",IF(MOD(G15,1)<>0,G15+0.2,G15),"") | I15: =IF(F15<>"",(F15-B15)-1,"") | J15: =IF(I15<>"",IF(MOD(I15,1)<>0,I15-0.2,I15),"")
A16: 45703 | D16: =IF(E16>17,"17.20","") | G16: =E16-D16 -> #VALUE! | H16: =IF(D16<>"",IF(MOD(G16,1)<>0,G16+0.2,G16),"") | I16: =IF(F16<>"",(F16-B16)-1,"") | J16: =IF(I16<>"",IF(MOD(I16,1)<>0,I16-0.2,I16),"") | L16: OT ประจำเดือน FEB.24
A17: 45704 | D17: =IF(E17>17,"17.20","") | G17: =E17-D17 -> #VALUE! | H17: =IF(D17<>"",IF(MOD(G17,1)<>0,G17+0.2,G17),"") | I17: =IF(F17<>"",(F17-B17)-1,"") | J17: =IF(I17<>"",IF(MOD(I17,1)<>0,I17-0.2,I17),"") | L17: รวม ot | M17: 1.5 Hr. | N17: 1 Hr. | O17: 3Hr.
A18: 45705 | B18: 8 | C18: 17 | D18: =IF(E18>17,"17.20","") -> 17.20 | E18: 19.5 | G18: =E18-D18 -> 2.3 | H18: =IF(D18<>"",IF(MOD(G18,1)<>0,G18+0.2,G18),"") -> 2.5 | I18: =IF(F18<>"",(F18-B18)-1,"") | J18: =IF(I18<>"",IF(MOD(I18,1)<>0,I18-0.2,I18),"") | M18: =SUM(Jan.25!H17:H32)+SUM(H2:H16) -> 16 | N18: =SUM(Jan.25!J17:J32)+SUM(Feb.25!J2:J16) -> 13.5 | O18: =SUM(K17:K32)+SUM(#REF!) -> #REF!
A19: 45706 | B19: 8 | C19: 17 | D19: =IF(E19>17,"17.20","") -> 17.20 | E19: 19.5 | G19: =E19-D19 -> 2.3 | H19: =IF(D19<>"",IF(MOD(G19,1)<>0,G19+0.2,G19),"") -> 2.5 | I19: =IF(F19<>"",(F19-B19)-1,"") | J19: =IF(I19<>"",IF(MOD(I19,1)<>0,I19-0.2,I19),"")
A20: 45707 | B20: 8 | C20: 17 | D20: =IF(E20>17,"17.20","") -> 17.20 | E20: 18.2 | G20: =E20-D20 -> 1 | H20: =IF(D20<>"",IF(MOD(G20,1)<>0,G20+0.2,G20),"") -> 1 | I20: =IF(F20<>"",(F20-B20)-1,"") | J20: =IF(I20<>"",IF(MOD(I20,1)<>0,I20-0.2,I20),"")
A21: 45708 | B21: 8 | C21: 17 | D21: =IF(E21>17,"17.20","") -> 17.20 | E21: 19.5 | G21: =E21-D21 -> 2.3 | H21: =IF(D21<>"",IF(MOD(G21,1)<>0,G21+0.2,G21),"") -> 2.5 | I21: =IF(F21<>"",(F21-B21)-1,"") | J21: =IF(I21<>"",IF(MOD(I21,1)<>0,I21-0.2,I21),"")
A22: 45709 | B22: 8 | C22: 17 | D22: =IF(E22>17,"17.20","") | E22: 17 | G22: =E22-D22 -> #VALUE! | H22: =IF(D22<>"",IF(MOD(G22,1)<>0,G22+0.2,G22),"") | I22: =IF(F22<>"",(F22-B22)-1,"") | J22: =IF(I22<>"",IF(MOD(I22,1)<>0,I22-0.2,I22),"")
A23: 45710 | B23: 8 | C23: 17 | D23: =IF(E23>17,"17.20","") | F23: 17 | G23: =E23-D23 -> #VALUE! | H23: =IF(D23<>"",IF(MOD(G23,1)<>0,G23+0.2,G23),"") | I23: =IF(F23<>"",(F23-B23)-1,"") -> 8 | J23: =IF(I23<>"",IF(MOD(I23,1)<>0,I23-0.2,I23),"") -> 8 | K23: 2.5
A24: 45711 | D24: =IF(E24>17,"17.20","") | G24: =E24-D24 -> #VALUE! | H24: =IF(D24<>"",IF(MOD(G24,1)<>0,G24+0.2,G24),"") | I24: =IF(F24<>"",(F24-B24)-1,"") | J24: =IF(I24<>"",IF(MOD(I24,1)<>0,I24-0.2,I24),"")
A25: 45712 | B25: 8 | C25: 17 | D25: =IF(E25>17,"17.20","") | F25: 17 | G25: =E25-D25 -> #VALUE! | H25: =IF(D25<>"",IF(MOD(G25,1)<>0,G25+0.2,G25),"") | I25: =IF(F25<>"",(F25-B25)-1,"") -> 8 | J25: =IF(I25<>"",IF(MOD(I25,1)<>0,I25-0.2,I25),"") -> 8
A26: 45713 | B26: 8 | C26: 17 | D26: =IF(E26>17,"17.20","") -> 17.20 | E26: 19.5 | G26: =E26-D26 -> 2.3 | H26: =IF(D26<>"",IF(MOD(G26,1)<>0,G26+0.2,G26),"") -> 2.5 | I26: =IF(F26<>"",(F26-B26)-1,"") | J26: =IF(I26<>"",IF(MOD(I26,1)<>0,I26-0.2,I26),"")
A27: 45714 | B27: 8 | C27: 17 | D27: =IF(E27>17,"17.20","") -> 17.20 | E27: 19.5 | G27: =E27-D27 -> 2.3 | H27: =IF(D27<>"",IF(MOD(G27,1)<>0,G27+0.2,G27),"") -> 2.5 | I27: =IF(F27<>"",(F27-B27)-1,"") | J27: =IF(I27<>"",IF(MOD(I27,1)<>0,I27-0.2,I27),"")
A28: 45715 | B28: 8 | C28: 17 | D28: =IF(E28>17,"17.20","") -> 17.20 | E28: 19.5 | G28: =E28-D28 -> 2.3 | H28: =IF(D28<>"",IF(MOD(G28,1)<>0,G28+0.2,G28),"") -> 2.5 | I28: =IF(F28<>"",(F28-B28)-1,"") | J28: =IF(I28<>"",IF(MOD(I28,1)<>0,I28-0.2,I28),"")
A29: 45716 | B29: 8 | C29: 17 | D29: =IF(E29>17,"17.20","") -> 17.20 | E29: 19.2 | G29: =E29-D29 -> 2 | H29: =IF(D29<>"",IF(MOD(G29,1)<>0,G29+0.2,G29),"") -> 2 | I29: =IF(F29<>"",(F29-B29)-1,"") | J29: =IF(I29<>"",IF(MOD(I29,1)<>0,I29-0.2,I29),"")
D30: =IF(E30>17,"17.20","")
D31: =IF(E31>17,"17.20","")
D32: =IF(E32>17,"17.20","")
A34: =M18*173.07 -> 2769.12 | B34: =N18*115.38 -> 1557.63 | C34: =A34+B34 -> 4326.75

Sheet Mar.25
A1: วัน/เดือน/ปี | B1: เวลาทำงานปกติ | D1: เวลาพัก ot จ-ศ | E1: เวลาเลิก จ-ศ | F1: เวลาเลิก ส-อ | G1: ot ( hr/min) | H1: Ot x 1.5 | I1: Ot x 1 | J1: Ot x 1 | K1: Ot x 3
A2: 45717 | B2: 8 | C2: 17 | D2: =IF(E2>17,"17.20","") | F2: 17 | G2: =E2-D2 -> #VALUE! | H2: =IF(D2<>"",IF(MOD(G2,1)<>0,G2+0.2,G2),"") | I2: =IF(F2<>"",(F2-B2)-1,"") -> 8 | J2: =IF(I2<>"",IF(MOD(I2,1)<>0,I2-0.2,I2),"") -> 8 | K2: 2.5
A3: 45718 | D3: =IF(E3>17,"17.20","") | G3: =E3-D3 -> #VALUE! | H3: =IF(D3<>"",IF(MOD(G3,1)<>0,G3+0.2,G3),"") | I3: =IF(F3<>"",(F3-B3)-1,"") | J3: =IF(I3<>"",IF(MOD(I3,1)<>0,I3-0.2,I3),"")
A4: 45719 | B4: 8 | C4: 17 | D4: =IF(E4>17,"17.20","") -> 17.20 | E4: 20.2 | G4: =E4-D4 -> 3 | H4: =IF(D4<>"",IF(MOD(G4,1)<>0,G4+0.2,G4),"") -> 3 | I4: =IF(F4<>"",(F4-B4)-1,"") | J4: =IF(I4<>"",IF(MOD(I4,1)<>0,I4-0.2,I4),"")
A5: 45720 | B5: 8 | C5: 17 | D5: =IF(E5>17,"17.20","") | E5: 17 | G5: =E5-D5 -> #VALUE! | H5: =IF(D5<>"",IF(MOD(G5,1)<>0,G5+0.2,G5),"") | I5: =IF(F5<>"",(F5-B5)-1,"") | J5: =IF(I5<>"",IF(MOD(I5,1)<>0,I5-0.2,I5),"")
A6: 45721 | B6: 8 | C6: 17 | D6: =IF(E6>17,"17.20","") -> 17.20 | E6: 20 | G6: =E6-D6 -> 2.8 | H6: =IF(D6<>"",IF(MOD(G6,1)<>0,G6+0.2,G6),"") -> 3 | I6: =IF(F6<>"",(F6-B6)-1,"") | J6: =IF(I6<>"",IF(MOD(I6,1)<>0,I6-0.2,I6),"")
A7: 45722 | B7: 8 | C7: 17 | D7: =IF(E7>17,"17.20","") -> 17.20 | E7: 20.2 | G7: =E7-D7 -> 3 | H7: =IF(D7<>"",IF(MOD(G7,1)<>0,G7+0.2,G7),"") -> 3 | I7: =IF(F7<>"",(F7-B7)-1,"") | J7: =IF(I7<>"",IF(MOD(I7,1)<>0,I7-0.2,I7),"")
A8: 45723 | B8: 8 | C8: 17 | D8: =IF(E8>17,"17.20","") | E8: 17 | G8: =E8-D8 -> #VALUE! | H8: =IF(D8<>"",IF(MOD(G8,1)<>0,G8+0.2,G8),"") | I8: =IF(F8<>"",(F8-B8)-1,"") | J8: =IF(I8<>"",IF(MOD(I8,1)<>0,I8-0.2,I8),"")
A9: 45724 | B9: 8 | C9: 17 | D9: =IF(E9>17,"17.20","") | F9: 16 | G9: =E9-D9 -> #VALUE! | H9: =IF(D9<>"",IF(MOD(G9,1)<>0,G9+0.2,G9),"") | I9: =IF(F9<>"",(F9-B9)-1,"") -> 7 | J9: =IF(I9<>"",IF(MOD(I9,1)<>0,I9-0.2,I9),"") -> 7
A10: 45725 | D10: =IF(E10>17,"17.20","") | G10: =E10-D10 -> #VALUE! | H10: =IF(D10<>"",IF(MOD(G10,1)<>0,G10+0.2,G10),"") | I10: =IF(F10<>"",(F10-B10)-1,"") | J10: =IF(I10<>"",IF(MOD(I10,1)<>0,I10-0.2,I10),"")
A11: 45726 | B11: 8 | C11: 17 | D11: =IF(E11>17,"17.20","") -> 17.20 | E11: 19.5 | G11: =E11-D11 -> 2.3 | H11: =IF(D11<>"",IF(MOD(G11,1)<>0,G11+0.2,G11),"") -> 2.5 | I11: =IF(F11<>"",(F11-B11)-1,"") | J11: =IF(I11<>"",IF(MOD(I11,1)<>0,I11-0.2,I11),"")
A12: 45727 | B12: 8 | C12: 17 | D12: =IF(E12>17,"17.20","") -> 17.20 | E12: 19.5 | G12: =E12-D12 -> 2.3 | H12: =IF(D12<>"",IF(MOD(G12,1)<>0,G12+0.2,G12),"") -> 2.5 | I12: =IF(F12<>"",(F12-B12)-1,"") | J12: =IF(I12<>"",IF(MOD(I12,1)<>0,I12-0.2,I12),"")
A13: 45728 | B13: 8 | C13: 17 | D13: =IF(E13>17,"17.20","") | E13: 17 | G13: =E13-D13 -> #VALUE! | H13: =IF(D13<>"",IF(MOD(G13,1)<>0,G13+0.2,G13),"") | I13: =IF(F13<>"",(F13-B13)-1,"") | J13: =IF(I13<>"",IF(MOD(I13,1)<>0,I13-0.2,I13),"")
A14: 45729 | B14: 8 | C14: 17 | D14: =IF(E14>17,"17.20","") -> 17.20 | E14: 20.2 | G14: =E14-D14 -> 3 | H14: =IF(D14<>"",IF(MOD(G14,1)<>0,G14+0.2,G14),"") -> 3 | I14: =IF(F14<>"",(F14-B14)-1,"") | J14: =IF(I14<>"",IF(MOD(I14,1)<>0,I14-0.2,I14),"")
A15: 45730 | B15: 8 | C15: 17 | D15: =IF(E15>17,"17.20","") -> 17.20 | E15: 19.2 | G15: =E15-D15 -> 2 | H15: =IF(D15<>"",IF(MOD(G15,1)<>0,G15+0.2,G15),"") -> 2 | I15: =IF(F15<>"",(F15-B15)-1,"") | J15: =IF(I15<>"",IF(MOD(I15,1)<>0,I15-0.2,I15),"")
A16: 45731 | D16: =IF(E16>17,"17.20","") | G16: =E16-D16 -> #VALUE! | H16: =IF(D16<>"",IF(MOD(G16,1)<>0,G16+0.2,G16),"") | I16: =IF(F16<>"",(F16-B16)-1,"") | J16: =IF(I16<>"",IF(MOD(I16,1)<>0,I16-0.2,I16),"") | L16: OT ประจำเดือน FEB.24
A17: 45732 | D17: =IF(E17>17,"17.20","") | G17: =E17-D17 -> #VALUE! | H17: =IF(D17<>"",IF(MOD(G17,1)<>0,G17+0.2,G17),"") | I17: =IF(F17<>"",(F17-B17)-1,"") | J17: =IF(I17<>"",IF(MOD(I17,1)<>0,I17-0.2,I17),"") | L17: รวม ot | M17: 1.5 Hr. | N17: 1 Hr. | O17: 3Hr.
A18: 45733 | D18: =IF(E18>17,"17.20","") | G18: =E18-D18 -> #VALUE! | H18: =IF(D18<>"",IF(MOD(G18,1)<>0,G18+0.2,G18),"") | I18: =IF(F18<>"",(F18-B18)-1,"") | J18: =IF(I18<>"",IF(MOD(I18,1)<>0,I18-0.2,I18),"") | M18: =SUM(Jan.25!H17:H32)+SUM(H2:H16) -> 35 | N18: =SUM(Jan.25!J17:J32)+SUM(Mar.25!J2:J16) -> 21.5 | O18: =SUM(Feb.25!K17:K32)+SUM(Mar.25!K2:K16) -> 5
A19: 45734 | D19: =IF(E19>17,"17.20","") | G19: =E19-D19 -> #VALUE! | H19: =IF(D19<>"",IF(MOD(G19,1)<>0,G19+0.2,G19),"") | I19: =IF(F19<>"",(F19-B19)-1,"") | J19: =IF(I19<>"",IF(MOD(I19,1)<>0,I19-0.2,I19),"")
A20: 45735 | D20: =IF(E20>17,"17.20","") | G20: =E20-D20 -> #VALUE! | H20: =IF(D20<>"",IF(MOD(G20,1)<>0,G20+0.2,G20),"") | I20: =IF(F20<>"",(F20-B20)-1,"") | J20: =IF(I20<>"",IF(MOD(I20,1)<>0,I20-0.2,I20),"")
A21: 45736 | D21: =IF(E21>17,"17.20","") | G21: =E21-D21 -> #VALUE! | H21: =IF(D21<>"",IF(MOD(G21,1)<>0,G21+0.2,G21),"") | I21: =IF(F21<>"",(F21-B21)-1,"") | J21: =IF(I21<>"",IF(MOD(I21,1)<>0,I21-0.2,I21),"")
A22: 45737 | D22: =IF(E22>17,"17.20","") | G22: =E22-D22 -> #VALUE! | H22: =IF(D22<>"",IF(MOD(G22,1)<>0,G22+0.2,G22),"") | I22: =IF(F22<>"",(F22-B22)-1,"") | J22: =IF(I22<>"",IF(MOD(I22,1)<>0,I22-0.2,I22),"")
A23: 45738 | D23: =IF(E23>17,"17.20","") | G23: =E23-D23 -> #VALUE! | H23: =IF(D23<>"",IF(MOD(G23,1)<>0,G23+0.2,G23),"") | I23: =IF(F23<>"",(F23-B23)-1,"") | J23: =IF(I23<>"",IF(MOD(I23,1)<>0,I23-0.2,I23),"")
A24: 45739 | D24: =IF(E24>17,"17.20","") | G24: =E24-D24 -> #VALUE! | H24: =IF(D24<>"",IF(MOD(G24,1)<>0,G24+0.2,G24),"") | I24: =IF(F24<>"",(F24-B24)-1,"") | J24: =IF(I24<>"",IF(MOD(I24,1)<>0,I24-0.2,I24),"")
A25: 45740 | D25: =IF(E25>17,"17.20","") | G25: =E25-D25 -> #VALUE! | H25: =IF(D25<>"",IF(MOD(G25,1)<>0,G25+0.2,G25),"") | I25: =IF(F25<>"",(F25-B25)-1,"") | J25: =IF(I25<>"",IF(MOD(I25,1)<>0,I25-0.2,I25),"")
A26: 45741 | D26: =IF(E26>17,"17.20","") | G26: =E26-D26 -> #VALUE! | H26: =IF(D26<>"",IF(MOD(G26,1)<>0,G26+0.2,G26),"") | I26: =IF(F26<>"",(F26-B26)-1,"") | J26: =IF(I26<>"",IF(MOD(I26,1)<>0,I26-0.2,I26),"")
A27: 45742 | D27: =IF(E27>17,"17.20","") | G27: =E27-D27 -> #VALUE! | H27: =IF(D27<>"",IF(MOD(G27,1)<>0,G27+0.2,G27),"") | I27: =IF(F27<>"",(F27-B27)-1,"") | J27: =IF(I27<>"",IF(MOD(I27,1)<>0,I27-0.2,I27),"")
A28: 45743 | D28: =IF(E28>17,"17.20","") | G28: =E28-D28 -> #VALUE! | H28: =IF(D28<>"",IF(MOD(G28,1)<>0,G28+0.2,G28),"") | I28: =IF(F28<>"",(F28-B28)-1,"") | J28: =IF(I28<>"",IF(MOD(I28,1)<>0,I28-0.2,I28),"")
A29: 45744 | D29: =IF(E29>17,"17.20","") | G29: =E29-D29 -> #VALUE! | H29: =IF(D29<>"",IF(MOD(G29,1)<>0,G29+0.2,G29),"") | I29: =IF(F29<>"",(F29-B29)-1,"") | J29: =IF(I29<>"",IF(MOD(I29,1)<>0,I29-0.2,I29),"")
A30: 45745 | D30: =IF(E30>17,"17.20","")
A31: 45746 | D31: =IF(E31>17,"17.20","")
A32: 45747 | D32: =IF(E32>17,"17.20","")
A34: =M18*173.07 -> 6057.45 | B34: =N18*115.38 -> 2480.67 | C34: =A34+B34 -> 8538.12

Sheet Oct.25 
A1: วัน/เดือน/ปี | B1: เวลาทำงานปกติ | D1: เวลาพัก ot จ-ศ | E1: เวลาเลิก จ-ศ | F1: เวลาเลิก ส-อ | G1: ot ( hr/min) | H1: Ot x 1.5 | I1: Ot x 1 | J1: Ot x 1 | K1: Ot x 3
A2: 45931 | D2: =IF(E2>17,"17.20","") | G2: =E2-D2 -> #VALUE! | H2: =IF(D2<>"",IF(MOD(G2,1)<>0,G2+0.2,G2),"") | I2: =IF(F2<>"",(F2-B2)-1,"") | J2: =IF(I2<>"",IF(MOD(I2,1)<>0,I2-0.2,I2),"")
A3: 45932 | D3: =IF(E3>17,"17.20","") | G3: =E3-D3 -> #VALUE! | H3: =IF(D3<>"",IF(MOD(G3,1)<>0,G3+0.2,G3),"") | I3: =IF(F3<>"",(F3-B3)-1,"") | J3: =IF(I3<>"",IF(MOD(I3,1)<>0,I3-0.2,I3),"")
A4: 45933 | D4: =IF(E4>17,"17.20","") | G4: =E4-D4 -> #VALUE! | H4: =IF(D4<>"",IF(MOD(G4,1)<>0,G4+0.2,G4),"") | I4: =IF(F4<>"",(F4-B4)-1,"") | J4: =IF(I4<>"",IF(MOD(I4,1)<>0,I4-0.2,I4),"")
A5: 45934 | D5: =IF(E5>17,"17.20","") | G5: =E5-D5 -> #VALUE! | H5: =IF(D5<>"",IF(MOD(G5,1)<>0,G5+0.2,G5),"") | I5: =IF(F5<>"",(F5-B5)-1,"") | J5: =IF(I5<>"",IF(MOD(I5,1)<>0,I5-0.2,I5),"")
A6: 45935 | D6: =IF(E6>17,"17.20","") | G6: =E6-D6 -> #VALUE! | H6: =IF(D6<>"",IF(MOD(G6,1)<>0,G6+0.2,G6),"") | I6: =IF(F6<>"",(F6-B6)-1,"") | J6: =IF(I6<>"",IF(MOD(I6,1)<>0,I6-0.2,I6),"")
A7: 45936 | D7: =IF(E7>17,"17.20","") | G7: =E7-D7 -> #VALUE! | H7: =IF(D7<>"",IF(MOD(G7,1)<>0,G7+0.2,G7),"") | I7: =IF(F7<>"",(F7-B7)-1,"") | J7: =IF(I7<>"",IF(MOD(I7,1)<>0,I7-0.2,I7),"")
A8: 45937 | D8: =IF(E8>17,"17.20","") | G8: =E8-D8 -> #VALUE! | H8: =IF(D8<>"",IF(MOD(G8,1)<>0,G8+0.2,G8),"") | I8: =IF(F8<>"",(F8-B8)-1,"") | J8: =IF(I8<>"",IF(MOD(I8,1)<>0,I8-0.2,I8),"")
A9: 45938 | D9: =IF(E9>17,"17.20","") | G9: =E9-D9 -> #VALUE! | H9: =IF(D9<>"",IF(MOD(G9,1)<>0,G9+0.2,G9),"") | I9: =IF(F9<>"",(F9-B9)-1,"") | J9: =IF(I9<>"",IF(MOD(I9,1)<>0,I9-0.2,I9),"")
A10: 45939 | D10: =IF(E10>17,"17.20","") | G10: =E10-D10 -> #VALUE! | H10: =IF(D10<>"",IF(MOD(G10,1)<>0,G10+0.2,G10),"") | I10: =IF(F10<>"",(F10-B10)-1,"") | J10: =IF(I10<>"",IF(MOD(I10,1)<>0,I10-0.2,I10),"")
A11: 45940 | D11: =IF(E11>17,"17.20","") | G11: =E11-D11 -> #VALUE! | H11: =IF(D11<>"",IF(MOD(G11,1)<>0,G11+0.2,G11),"") | I11: =IF(F11<>"",(F11-B11)-1,"") | J11: =IF(I11<>"",IF(MOD(I11,1)<>0,I11-0.2,I11),"")
A12: 45941 | D12: =IF(E12>17,"17.20","") | G12: =E12-D12 -> #VALUE! | H12: =IF(D12<>"",IF(MOD(G12,1)<>0,G12+0.2,G12),"") | I12: =IF(F12<>"",(F12-B12)-1,"") | J12: =IF(I12<>"",IF(MOD(I12,1)<>0,I12-0.2,I12),"")
A13: 45942 | D13: =IF(E13>17,"17.20","") | G13: =E13-D13 -> #VALUE! | H13: =IF(D13<>"",IF(MOD(G13,1)<>0,G13+0.2,G13),"") | I13: =IF(F13<>"",(F13-B13)-1,"") | J13: =IF(I13<>"",IF(MOD(I13,1)<>0,I13-0.2,I13),"")
... A15: 45944 | D15: =IF(E15>17,"17.20","") | G15: =E15-D15 -> #VALUE! | H15: =IF(D15<>"",IF(MOD(G15,1)<>0,G15+0.2,G15),"") | I15: =IF(F15<>"",(F15-B15)-1,"") | J15: =IF(I15<>"",IF(MOD(I15,1)<>0,I15-0.2,I15),"")
A16: 45945 | D16: =IF(E16>17,"17.20","") | G16: =E16-D16 -> #VALUE! | H16: =IF(D16<>"",IF(MOD(G16,1)<>0,G16+0.2,G16),"") | I16: =IF(F16<>"",(F16-B16)-1,"") | J16: =IF(I16<>"",IF(MOD(I16,1)<>0,I16-0.2,I16),"") | L16: OT ประจำเดือน FEB.24
A17: 45946 | B17: 8 | C17: 17 | D17: =IF(E17>17,"17.20","") | E17: 17 | G17: =E17-D17 -> #VALUE! | H17: =IF(D17<>"",IF(MOD(G17,1)<>0,G17+0.2,G17),"") | I17: =IF(F17<>"",(F17-B17)-1,"") | J17: =IF(I17<>"",IF(MOD(I17,1)<>0,I17-0.2,I17),"") | L17: รวม ot | M17: 1.5 Hr. | N17: 1 Hr. | O17: 3Hr.
A18: 45947 | B18: 8 | C18: 17 | D18: =IF(E18>17,"17.20","") -> 17.20 | E18: 20 | G18: =E18-D18 -> 2.8 | H18: =IF(D18<>"",IF(MOD(G18,1)<>0,G18+0.2,G18),"") -> 3 | I18: =IF(F18<>"",(F18-B18)-1,"") | J18: =IF(I18<>"",IF(MOD(I18,1)<>0,I18-0.2,I18),"") | M18: =SUM(Jan.25!H17:H32)+SUM(H2:H16) -> 16 | N18: =SUM(Jan.25!J17:J32)+SUM('Oct.25 '!J2:J16) -> 6.5 | O18: =SUM(Feb.25!K17:K32)+SUM('Oct.25 '!K2:K16) -> 2.5
A19: 45948 | D19: =IF(E19>17,"17.20","") | G19: =E19-D19 -> #VALUE! | H19: =IF(D19<>"",IF(MOD(G19,1)<>0,G19+0.2,G19),"") | I19: =IF(F19<>"",(F19-B19)-1,"") | J19: =IF(I19<>"",IF(MOD(I19,1)<>0,I19-0.2,I19),"")
A20: 45949 | D20: =IF(E20>17,"17.20","") | G20: =E20-D20 -> #VALUE! | H20: =IF(D20<>"",IF(MOD(G20,1)<>0,G20+0.2,G20),"") | I20: =IF(F20<>"",(F20-B20)-1,"") | J20: =IF(I20<>"",IF(MOD(I20,1)<>0,I20-0.2,I20),"")
A21: 45950 | B21: 8 | C21: 17 | D21: =IF(E21>17,"17.20","") -> 17.20 | E21: 18.5 | G21: =E21-D21 -> 1.3 | H21: =IF(D21<>"",IF(MOD(G21,1)<>0,G21+0.2,G21),"") -> 1.5 | I21: =IF(F21<>"",(F21-B21)-1,"") | J21: =IF(I21<>"",IF(MOD(I21,1)<>0,I21-0.2,I21),"")
A22: 45951 | B22: 8 | C22: 17 | D22: =IF(E22>17,"17.20","") -> 17.20 | E22: 19.5 | G22: =E22-D22 -> 2.3 | H22: =IF(D22<>"",IF(MOD(G22,1)<>0,G22+0.2,G22),"") -> 2.5 | I22: =IF(F22<>"",(F22-B22)-1,"") | J22: =IF(I22<>"",IF(MOD(I22,1)<>0,I22-0.2,I22),"")
A23: 45952 | B23: 8 | C23: 17 | D23: =IF(E23>17,"17.20","") | G23: =E23-D23 -> #VALUE! | H23: =IF(D23<>"",IF(MOD(G23,1)<>0,G23+0.2,G23),"") | I23: =IF(F23<>"",(F23-B23)-1,"") | J23: =IF(I23<>"",IF(MOD(I23,1)<>0,I23-0.2,I23),"")
A24: 45953 | C24: 17 | D24: =IF(E24>17,"17.20","") | G24: =E24-D24 -> #VALUE! | H24: =IF(D24<>"",IF(MOD(G24,1)<>0,G24+0.2,G24),"") | I24: =IF(F24<>"",(F24-B24)-1,"") | J24: =IF(I24<>"",IF(MOD(I24,1)<>0,I24-0.2,I24),"")
A25: 45954 | B25: 8 | C25: 17 | D25: =IF(E25>17,"17.20","") -> 17.20 | E25: 19.2 | G25: =E25-D25 -> 2 | H25: =IF(D25<>"",IF(MOD(G25,1)<>0,G25+0.2,G25),"") -> 2 | I25: =IF(F25<>"",(F25-B25)-1,"") | J25: =IF(I25<>"",IF(MOD(I25,1)<>0,I25-0.2,I25),"")
A26: 45955 | D26: =IF(E26>17,"17.20","") | G26: =E26-D26 -> #VALUE! | H26: =IF(D26<>"",IF(MOD(G26,1)<>0,G26+0.2,G26),"") | I26: =IF(F26<>"",(F26-B26)-1,"") | J26: =IF(I26<>"",IF(MOD(I26,1)<>0,I26-0.2,I26),"")
A27: 45956 | D27: =IF(E27>17,"17.20","") | G27: =E27-D27 -> #VALUE! | H27: =IF(D27<>"",IF(MOD(G27,1)<>0,G27+0.2,G27),"") | I27: =IF(F27<>"",(F27-B27)-1,"") | J27: =IF(I27<>"",IF(MOD(I27,1)<>0,I27-0.2,I27),"")
A28: 45957 | B28: 8 | C28: 17 | D28: =IF(E28>17,"17.20","") -> 17.20 | E28: 19.5 | G28: =E28-D28 -> 2.3 | H28: =IF(D28<>"",IF(MOD(G28,1)<>0,G28+0.2,G28),"") -> 2.5 | I28: =IF(F28<>"",(F28-B28)-1,"") | J28: =IF(I28<>"",IF(MOD(I28,1)<>0,I28-0.2,I28),"")
A29: 45958 | B29: 8 | C29: 17 | D29: =IF(E29>17,"17.20","") -> 17.20 | E29: 19.5 | G29: =E29-D29 -> 2.3 | H29: =IF(D29<>"",IF(MOD(G29,1)<>0,G29+0.2,G29),"") -> 2.5 | I29: =IF(F29<>"",(F29-B29)-1,"") | J29: =IF(I29<>"",IF(MOD(I29,1)<>0,I29-0.2,I29),"")
A30: 45959 | B30: 8 | C30: 17 | D30: =IF(E30>17,"17.20","") | H30: =IF(D30<>"",IF(MOD(G30,1)<>0,G30+0.2,G30),"")
A31: 45960 | B31: 8 | C31: 17 | D31: =IF(E31>17,"17.20","") | H31: =IF(D31<>"",IF(MOD(G31,1)<>0,G31+0.2,G31),"")
A32: 45961 | B32: 8 | C32: 17 | D32: =IF(E32>17,"17.20","") -> 17.20 | E32: 19.2 | H32: 2
A34: =M18*173.07 -> 2769.12 | B34: =N18*115.38 -> 749.97 | C34: =A34+B34 -> 3519.09

Sheet Nov.25
A1: วัน/เดือน/ปี | B1: เวลาทำงานปกติ | D1: เวลาพัก ot จ-ศ | E1: เวลาเลิก จ-ศ | F1: เวลาเลิก ส-อ | G1: ot ( hr/min) | H1: Ot x 1.5 | I1: Ot x 1 | J1: Ot x 1 | K1: Ot x 3
A2: 45962 | B2: 10.3 | C2: 17 | D2: =IF(E2>17,"17.20","") | F2: 17 | G2: =E2-D2 -> #VALUE! | H2: =IF(D2<>"",IF(MOD(G2,1)<>0,G2+0.2,G2),"") | I2: =IF(F2<>"",(F2-B2)-1,"") -> 5.7 | J2: =IF(I2<>"",IF(MOD(I2,1)<>0,I2-0.2,I2),"") -> 5.5
A3: 45963 | D3: =IF(E3>17,"17.20","") | G3: =E3-D3 -> #VALUE! | H3: =IF(D3<>"",IF(MOD(G3,1)<>0,G3+0.2,G3),"") | I3: =IF(F3<>"",(F3-B3)-1,"") | J3: =IF(I3<>"",IF(MOD(I3,1)<>0,I3-0.2,I3),"")
A4: 45964 | B4: 8 | C4: 17 | D4: =IF(E4>17,"17.20","") -> 17.20 | E4: 19.5 | G4: =E4-D4 -> 2.3 | H4: =IF(D4<>"",IF(MOD(G4,1)<>0,G4+0.2,G4),"") -> 2.5 | I4: =IF(F4<>"",(F4-B4)-1,"") | J4: =IF(I4<>"",IF(MOD(I4,1)<>0,I4-0.2,I4),"")
A5: 45965 | B5: 8 | C5: 17 | D5: =IF(E5>17,"17.20","") -> 17.20 | E5: 20.2 | G5: =E5-D5 -> 3 | H5: =IF(D5<>"",IF(MOD(G5,1)<>0,G5+0.2,G5),"") -> 3 | I5: =IF(F5<>"",(F5-B5)-1,"") | J5: =IF(I5<>"",IF(MOD(I5,1)<>0,I5-0.2,I5),"")
A6: 45966 | B6: 8 | C6: 17 | D6: =IF(E6>17,"17.20","") | G6: =E6-D6 -> #VALUE! | H6: =IF(D6<>"",IF(MOD(G6,1)<>0,G6+0.2,G6),"") | I6: =IF(F6<>"",(F6-B6)-1,"") | J6: =IF(I6<>"",IF(MOD(I6,1)<>0,I6-0.2,I6),"")
A7: 45967 | B7: 8 | C7: 17 | D7: =IF(E7>17,"17.20","") -> 17.20 | E7: 19.5 | G7: =E7-D7 -> 2.3 | H7: =IF(D7<>"",IF(MOD(G7,1)<>0,G7+0.2,G7),"") -> 2.5 | I7: =IF(F7<>"",(F7-B7)-1,"") | J7: =IF(I7<>"",IF(MOD(I7,1)<>0,I7-0.2,I7),"")
A8: 45968 | B8: 8 | C8: 17 | D8: =IF(E8>17,"17.20","") | G8: =E8-D8 -> #VALUE! | H8: =IF(D8<>"",IF(MOD(G8,1)<>0,G8+0.2,G8),"") | I8: =IF(F8<>"",(F8-B8)-1,"") | J8: =IF(I8<>"",IF(MOD(I8,1)<>0,I8-0.2,I8),"")
A9: 45969 | D9: =IF(E9>17,"17.20","") | G9: =E9-D9 -> #VALUE! | H9: =IF(D9<>"",IF(MOD(G9,1)<>0,G9+0.2,G9),"") | I9: =IF(F9<>"",(F9-B9)-1,"") | J9: =IF(I9<>"",IF(MOD(I9,1)<>0,I9-0.2,I9),"")
A10: 45970 | B10: 9 | C10: 17 | D10: =IF(E10>17,"17.20","") | F10: 13 | G10: =E10-D10 -> #VALUE! | H10: =IF(D10<>"",IF(MOD(G10,1)<>0,G10+0.2,G10),"") | I10: =IF(F10<>"",(F10-B10)-1,"") -> 3 | J10: =IF(I10<>"",IF(MOD(I10,1)<>0,I10-0.2,I10),"") -> 3
A11: 45971 | B11: 8 | C11: 17 | D11: =IF(E11>17,"17.20","") | G11: =E11-D11 -> #VALUE! | H11: =IF(D11<>"",IF(MOD(G11,1)<>0,G11+0.2,G11),"") | I11: =IF(F11<>"",(F11-B11)-1,"") | J11: =IF(I11<>"",IF(MOD(I11,1)<>0,I11-0.2,I11),"")
A12: 45972 | B12: 8 | C12: 17 | D12: =IF(E12>17,"17.20","") | G12: =E12-D12 -> #VALUE! | H12: =IF(D12<>"",IF(MOD(G12,1)<>0,G12+0.2,G12),"") | I12: =IF(F12<>"",(F12-B12)-1,"") | J12: =IF(I12<>"",IF(MOD(I12,1)<>0,I12-0.2,I12),"")
A13: 45973 | B13: 8 | C13: 17 | D13: =IF(E13>17,"17.20","") -> 17.20 | E13: 19.5 | G13: =E13-D13 -> 2.3 | H13: =IF(D13<>"",IF(MOD(G13,1)<>0,G13+0.2,G13),"") -> 2.5 | I13: =IF(F13<>"",(F13-B13)-1,"") | J13: =IF(I13<>"",IF(MOD(I13,1)<>0,I13-0.2,I13),"")
A14: 45974 | B14: 8 | C14: 17 | D14: =IF(E14>17,"17.20","") -> 17.20 | E14: 18.5 | G14: =E14-D14 -> 1.3 | H14: =IF(D14<>"",IF(MOD(G14,1)<>0,G14+0.2,G14),"") -> 1.5 | I14: =IF(F14<>"",(F14-B14)-1,"") | J14: =IF(I14<>"",IF(MOD(I14,1)<>0,I14-0.2,I14),"")
A15: 45975 | B15: 8 | C15: 17 | D15: =IF(E15>17,"17.20","") -> 17.20 | E15: 18.5 | G15: =E15-D15 -> 1.3 | H15: =IF(D15<>"",IF(MOD(G15,1)<>0,G15+0.2,G15),"") -> 1.5 | I15: =IF(F15<>"",(F15-B15)-1,"") | J15: =IF(I15<>"",IF(MOD(I15,1)<>0,I15-0.2,I15),"")
A16: 45976 | D16: =IF(E16>17,"17.20","") | G16: =E16-D16 -> #VALUE! | H16: =IF(D16<>"",IF(MOD(G16,1)<>0,G16+0.2,G16),"") | I16: =IF(F16<>"",(F16-B16)-1,"") | J16: =IF(I16<>"",IF(MOD(I16,1)<>0,I16-0.2,I16),"") | L16: OT ประจำเดือน FEB.24
A17: 45977 | D17: =IF(E17>17,"17.20","") | G17: =E17-D17 -> #VALUE! | H17: =IF(D17<>"",IF(MOD(G17,1)<>0,G17+0.2,G17),"") | I17: =IF(F17<>"",(F17-B17)-1,"") | J17: =IF(I17<>"",IF(MOD(I17,1)<>0,I17-0.2,I17),"") | L17: รวม ot | M17: 1.5 Hr. | N17: 1 Hr. | O17: 3Hr.
A18: 45978 | B18: 8 | C18: 17 | D18: =IF(E18>17,"17.20","") -> 17.20 | E18: 19.5 | G18: =E18-D18 -> 2.3 | H18: =IF(D18<>"",IF(MOD(G18,1)<>0,G18+0.2,G18),"") -> 2.5 | I18: =IF(F18<>"",(F18-B18)-1,"") | J18: =IF(I18<>"",IF(MOD(I18,1)<>0,I18-0.2,I18),"") | M18: =SUM('Oct.25 '!H17:H32)+SUM(H2:H16) -> 29.5 | N18: =SUM('Oct.25 '!J17:J32)+SUM(Nov.25!J2:J16) -> 8.5
A19: 45979 | B19: 8 | C19: 17 | D19: =IF(E19>17,"17.20","") -> 17.20 | E19: 19.5 | G19: =E19-D19 -> 2.3 | H19: =IF(D19<>"",IF(MOD(G19,1)<>0,G19+0.2,G19),"") -> 2.5 | I19: =IF(F19<>"",(F19-B19)-1,"") | J19: =IF(I19<>"",IF(MOD(I19,1)<>0,I19-0.2,I19),"")
A20: 45980 | B20: 8 | C20: 17 | D20: =IF(E20>17,"17.20","") | E20: 17 | G20: =E20-D20 -> #VALUE! | H20: =IF(D20<>"",IF(MOD(G20,1)<>0,G20+0.2,G20),"") | I20: =IF(F20<>"",(F20-B20)-1,"") | J20: =IF(I20<>"",IF(MOD(I20,1)<>0,I20-0.2,I20),"")
A21: 45981 | B21: 8 | C21: 17 | D21: =IF(E21>17,"17.20","") -> 17.20 | E21: 19.5 | G21: =E21-D21 -> 2.3 | H21: =IF(D21<>"",IF(MOD(G21,1)<>0,G21+0.2,G21),"") -> 2.5 | I21: =IF(F21<>"",(F21-B21)-1,"") | J21: =IF(I21<>"",IF(MOD(I21,1)<>0,I21-0.2,I21),"")
A22: 45982 | B22: 8 | C22: 17 | D22: =IF(E22>17,"17.20","") -> 17.20 | E22: 18.5 | G22: =E22-D22 -> 1.3 | H22: =IF(D22<>"",IF(MOD(G22,1)<>0,G22+0.2,G22),"") -> 1.5 | I22: =IF(F22<>"",(F22-B22)-1,"") | J22: =IF(I22<>"",IF(MOD(I22,1)<>0,I22-0.2,I22),"")
A23: 45983 | D23: =IF(E23>17,"17.20","") | G23: =E23-D23 -> #VALUE! | H23: =IF(D23<>"",IF(MOD(G23,1)<>0,G23+0.2,G23),"") | I23: =IF(F23<>"",(F23-B23)-1,"") | J23: =IF(I23<>"",IF(MOD(I23,1)<>0,I23-0.2,I23),"")
A24: 45984 | D24: =IF(E24>17,"17.20","") | G24: =E24-D24 -> #VALUE! | H24: =IF(D24<>"",IF(MOD(G24,1)<>0,G24+0.2,G24),"") | I24: =IF(F24<>"",(F24-B24)-1,"") | J24: =IF(I24<>"",IF(MOD(I24,1)<>0,I24-0.2,I24),"")
A25: 45985 | B25: 8 | C25: 17 | D25: =IF(E25>17,"17.20","") -> 17.20 | E25: 18.2 | G25: =E25-D25 -> 1 | H25: =IF(D25<>"",IF(MOD(G25,1)<>0,G25+0.2,G25),"") -> 1 | I25: =IF(F25<>"",(F25-B25)-1,"") | J25: =IF(I25<>"",IF(MOD(I25,1)<>0,I25-0.2,I25),"")
A26: 45986 | B26: 8 | C26: 17 | D26: =IF(E26>17,"17.20","") -> 17.20 | E26: 19.5 | G26: =E26-D26 -> 2.3 | H26: =IF(D26<>"",IF(MOD(G26,1)<>0,G26+0.2,G26),"") -> 2.5 | I26: =IF(F26<>"",(F26-B26)-1,"") | J26: =IF(I26<>"",IF(MOD(I26,1)<>0,I26-0.2,I26),"")
A27: 45987 | B27: 8 | C27: 17 | D27: =IF(E27>17,"17.20","") -> 17.20 | E27: 18.2 | G27: =E27-D27 -> 1 | H27: =IF(D27<>"",IF(MOD(G27,1)<>0,G27+0.2,G27),"") -> 1 | I27: =IF(F27<>"",(F27-B27)-1,"") | J27: =IF(I27<>"",IF(MOD(I27,1)<>0,I27-0.2,I27),"")
A28: 45988 | B28: 8 | C28: 17 | D28: =IF(E28>17,"17.20","") | G28: =E28-D28 -> #VALUE! | H28: =IF(D28<>"",IF(MOD(G28,1)<>0,G28+0.2,G28),"") | I28: =IF(F28<>"",(F28-B28)-1,"") | J28: =IF(I28<>"",IF(MOD(I28,1)<>0,I28-0.2,I28),"")
A29: 45989 | B29: 8 | C29: 17 | D29: =IF(E29>17,"17.20","") | G29: =E29-D29 -> #VALUE! | H29: =IF(D29<>"",IF(MOD(G29,1)<>0,G29+0.2,G29),"") | I29: =IF(F29<>"",(F29-B29)-1,"") | J29: =IF(I29<>"",IF(MOD(I29,1)<>0,I29-0.2,I29),"")
A30: 45990 | D30: =IF(E30>17,"17.20","")
A31: 45991 | D31: =IF(E31>17,"17.20","")
A32: 45747 | D32: =IF(E32>17,"17.20","")
A34: =M18*173.07 -> 5105.565 | B34: =N18*115.38 -> 980.73 | C34: =A34+B34 -> 6086.295

Sheet DEC.25 
A1: วัน/เดือน/ปี | B1: เวลาทำงานปกติ | D1: เวลาพัก ot จ-ศ | E1: เวลาเลิก จ-ศ | F1: เวลาเลิก ส-อ | G1: ot ( hr/min) | H1: Ot x 1.5 | I1: Ot x 1 | J1: Ot x 1 | K1: Ot x 3
A2: 45962 | B2: 8 | C2: 17 | D2: =IF(E2>17,"17.20","") -> 17.20 | E2: 18.5 | G2: =E2-D2 -> 1.3 | H2: =IF(D2<>"",IF(MOD(G2,1)<>0,G2+0.2,G2),"") -> 1.5 | I2: =IF(F2<>"",(F2-B2)-1,"") | J2: =IF(I2<>"",IF(MOD(I2,1)<>0,I2-0.2,I2),"")
A3: 45963 | B3: 8 | C3: 17 | D3: =IF(E3>17,"17.20","") -> 17.20 | E3: 19.5 | G3: =E3-D3 -> 2.3 | H3: =IF(D3<>"",IF(MOD(G3,1)<>0,G3+0.2,G3),"") -> 2.5 | I3: =IF(F3<>"",(F3-B3)-1,"") | J3: =IF(I3<>"",IF(MOD(I3,1)<>0,I3-0.2,I3),"")
A4: 45964 | B4: 8 | C4: 17 | D4: =IF(E4>17,"17.20","") | E4: 17 | G4: =E4-D4 -> #VALUE! | H4: =IF(D4<>"",IF(MOD(G4,1)<>0,G4+0.2,G4),"") | I4: =IF(F4<>"",(F4-B4)-1,"") | J4: =IF(I4<>"",IF(MOD(I4,1)<>0,I4-0.2,I4),"")
A5: 45965 | B5: 8 | C5: 17 | D5: =IF(E5>17,"17.20","") -> 17.20 | E5: 18.2 | G5: =E5-D5 -> 1 | H5: =IF(D5<>"",IF(MOD(G5,1)<>0,G5+0.2,G5),"") -> 1 | I5: =IF(F5<>"",(F5-B5)-1,"") | J5: =IF(I5<>"",IF(MOD(I5,1)<>0,I5-0.2,I5),"")
A6: 45966 | D6: =IF(E6>17,"17.20","") | G6: =E6-D6 -> #VALUE! | H6: =IF(D6<>"",IF(MOD(G6,1)<>0,G6+0.2,G6),"") | I6: =IF(F6<>"",(F6-B6)-1,"") | J6: =IF(I6<>"",IF(MOD(I6,1)<>0,I6-0.2,I6),"")
A7: 45967 | D7: =IF(E7>17,"17.20","") | G7: =E7-D7 -> #VALUE! | H7: =IF(D7<>"",IF(MOD(G7,1)<>0,G7+0.2,G7),"") | I7: =IF(F7<>"",(F7-B7)-1,"") | J7: =IF(I7<>"",IF(MOD(I7,1)<>0,I7-0.2,I7),"")
A8: 45968 | D8: =IF(E8>17,"17.20","") | G8: =E8-D8 -> #VALUE! | H8: =IF(D8<>"",IF(MOD(G8,1)<>0,G8+0.2,G8),"") | I8: =IF(F8<>"",(F8-B8)-1,"") | J8: =IF(I8<>"",IF(MOD(I8,1)<>0,I8-0.2,I8),"")
A9: 45969 | B9: 8 | C9: 17 | D9: =IF(E9>17,"17.20","") | G9: =E9-D9 -> #VALUE! | H9: =IF(D9<>"",IF(MOD(G9,1)<>0,G9+0.2,G9),"") | I9: =IF(F9<>"",(F9-B9)-1,"") | J9: =IF(I9<>"",IF(MOD(I9,1)<>0,I9-0.2,I9),"")
A10: 45970 | B10: 8 | C10: 17 | D10: =IF(E10>17,"17.20","") -> 17.20 | E10: 19.2 | G10: =E10-D10 -> 2 | H10: =IF(D10<>"",IF(MOD(G10,1)<>0,G10+0.2,G10),"") -> 2 | I10: =IF(F10<>"",(F10-B10)-1,"") | J10: =IF(I10<>"",IF(MOD(I10,1)<>0,I10-0.2,I10),"")
A11: 45971 | B11: 8 | C11: 17 | D11: =IF(E11>17,"17.20","") -> 17.20 | E11: 19.2 | G11: =E11-D11 -> 2 | H11: =IF(D11<>"",IF(MOD(G11,1)<>0,G11+0.2,G11),"") -> 2 | I11: =IF(F11<>"",(F11-B11)-1,"") | J11: =IF(I11<>"",IF(MOD(I11,1)<>0,I11-0.2,I11),"")
A12: 45972 | B12: 8 | C12: 17 | D12: =IF(E12>17,"17.20","") -> 17.20 | E12: 19.5 | G12: =E12-D12 -> 2.3 | H12: =IF(D12<>"",IF(MOD(G12,1)<>0,G12+0.2,G12),"") -> 2.5 | I12: =IF(F12<>"",(F12-B12)-1,"") | J12: =IF(I12<>"",IF(MOD(I12,1)<>0,I12-0.2,I12),"")
A13: 45973 | B13: 8 | C13: 17 | D13: =IF(E13>17,"17.20","") -> 17.20 | E13: 19.2 | G13: =E13-D13 -> 2 | H13: =IF(D13<>"",IF(MOD(G13,1)<>0,G13+0.2,G13),"") -> 2 | I13: =IF(F13<>"",(F13-B13)-1,"") | J13: =IF(I13<>"",IF(MOD(I13,1)<>0,I13-0.2,I13),"")
A14: 45974 | D14: =IF(E14>17,"17.20","") | G14: =E14-D14 -> #VALUE! | H14: =IF(D14<>"",IF(MOD(G14,1)<>0,G14+0.2,G14),"") | I14: =IF(F14<>"",(F14-B14)-1,"") | J14: =IF(I14<>"",IF(MOD(I14,1)<>0,I14-0.2,I14),"")
A15: 45975 | D15: =IF(E15>17,"17.20","") | G15: =E15-D15 -> #VALUE! | H15: =IF(D15<>"",IF(MOD(G15,1)<>0,G15+0.2,G15),"") | I15: =IF(F15<>"",(F15-B15)-1,"") | J15: =IF(I15<>"",IF(MOD(I15,1)<>0,I15-0.2,I15),"")
A16: 45976 | B16: 8 | C16: 17 | D16: =IF(E16>17,"17.20","") | G16: =E16-D16 -> #VALUE! | H16: =IF(D16<>"",IF(MOD(G16,1)<>0,G16+0.2,G16),"") | I16: =IF(F16<>"",(F16-B16)-1,"") | J16: =IF(I16<>"",IF(MOD(I16,1)<>0,I16-0.2,I16),"") | L16: OT ประจำเดือน FEB.24
A17: 45977 | B17: 8 | C17: 17 | D17: =IF(E17>17,"17.20","") | G17: =E17-D17 -> #VALUE! | H17: =IF(D17<>"",IF(MOD(G17,1)<>0,G17+0.2,G17),"") | I17: =IF(F17<>"",(F17-B17)-1,"") | J17: =IF(I17<>"",IF(MOD(I17,1)<>0,I17-0.2,I17),"") | L17: รวม ot | M17: 1.5 Hr. | N17: 1 Hr. | O17: 3Hr.
A18: 45978 | B18: 8 | C18: 17 | D18: =IF(E18>17,"17.20","") | G18: =E18-D18 -> #VALUE! | H18: =IF(D18<>"",IF(MOD(G18,1)<>0,G18+0.2,G18),"") | I18: =IF(F18<>"",(F18-B18)-1,"") | J18: =IF(I18<>"",IF(MOD(I18,1)<>0,I18-0.2,I18),"") | M18: =SUM('Oct.25 '!H17:H32)+SUM(H2:H16) -> 29.5 | N18: =SUM('Oct.25 '!J17:J32)+SUM('DEC.25 '!J2:J16) -> 0
A19: 45979 | B19: 8 | C19: 17 | D19: =IF(E19>17,"17.20","") | G19: =E19-D19 -> #VALUE! | H19: =IF(D19<>"",IF(MOD(G19,1)<>0,G19+0.2,G19),"") | I19: =IF(F19<>"",(F19-B19)-1,"") | J19: =IF(I19<>"",IF(MOD(I19,1)<>0,I19-0.2,I19),"")
A20: 45980 | B20: 8 | C20: 17 | D20: =IF(E20>17,"17.20","") | G20: =E20-D20 -> #VALUE! | H20: =IF(D20<>"",IF(MOD(G20,1)<>0,G20+0.2,G20),"") | I20: =IF(F20<>"",(F20-B20)-1,"") | J20: =IF(I20<>"",IF(MOD(I20,1)<>0,I20-0.2,I20),"")
A21: 45981 | D21: =IF(E21>17,"17.20","") | G21: =E21-D21 -> #VALUE! | H21: =IF(D21<>"",IF(MOD(G21,1)<>0,G21+0.2,G21),"") | I21: =IF(F21<>"",(F21-B21)-1,"") | J21: =IF(I21<>"",IF(MOD(I21,1)<>0,I21-0.2,I21),"")
A22: 45982 | D22: =IF(E22>17,"17.20","") | G22: =E22-D22 -> #VALUE! | H22: =IF(D22<>"",IF(MOD(G22,1)<>0,G22+0.2,G22),"") | I22: =IF(F22<>"",(F22-B22)-1,"") | J22: =IF(I22<>"",IF(MOD(I22,1)<>0,I22-0.2,I22),"")
A23: 45983 | D23: =IF(E23>17,"17.20","") | G23: =E23-D23 -> #VALUE! | H23: =IF(D23<>"",IF(MOD(G23,1)<>0,G23+0.2,G23),"") | I23: =IF(F23<>"",(F23-B23)-1,"") | J23: =IF(I23<>"",IF(MOD(I23,1)<>0,I23-0.2,I23),"")
A24: 45984 | D24: =IF(E24>17,"17.20","") | G24: =E24-D24 -> #VALUE! | H24: =IF(D24<>"",IF(MOD(G24,1)<>0,G24+0.2,G24),"") | I24: =IF(F24<>"",(F24-B24)-1,"") | J24: =IF(I24<>"",IF(MOD(I24,1)<>0,I24-0.2,I24),"")
A25: 45985 | D25: =IF(E25>17,"17.20","") | G25: =E25-D25 -> #VALUE! | H25: =IF(D25<>"",IF(MOD(G25,1)<>0,G25+0.2,G25),"") | I25: =IF(F25<>"",(F25-B25)-1,"") | J25: =IF(I25<>"",IF(MOD(I25,1)<>0,I25-0.2,I25),"")
A26: 45986 | D26: =IF(E26>17,"17.20","") | G26: =E26-D26 -> #VALUE! | H26: =IF(D26<>"",IF(MOD(G26,1)<>0,G26+0.2,G26),"") | I26: =IF(F26<>"",(F26-B26)-1,"") | J26: =IF(I26<>"",IF(MOD(I26,1)<>0,I26-0.2,I26),"")
A27: 45987 | D27: =IF(E27>17,"17.20","") | G27: =E27-D27 -> #VALUE! | H27: =IF(D27<>"",IF(MOD(G27,1)<>0,G27+0.2,G27),"") | I27: =IF(F27<>"",(F27-B27)-1,"") | J27: =IF(I27<>"",IF(MOD(I27,1)<>0,I27-0.2,I27),"")
A28: 45988 | D28: =IF(E28>17,"17.20","") | G28: =E28-D28 -> #VALUE! | H28: =IF(D28<>"",IF(MOD(G28,1)<>0,G28+0.2,G28),"") | I28: =IF(F28<>"",(F28-B28)-1,"") | J28: =IF(I28<>"",IF(MOD(I28,1)<>0,I28-0.2,I28),"")
A29: 45989 | D29: =IF(E29>17,"17.20","") | G29: =E29-D29 -> #VALUE! | H29: =IF(D29<>"",IF(MOD(G29,1)<>0,G29+0.2,G29),"") | I29: =IF(F29<>"",(F29-B29)-1,"") | J29: =IF(I29<>"",IF(MOD(I29,1)<>0,I29-0.2,I29),"")
A30: 45990 | D30: =IF(E30>17,"17.20","")
A31: 45991 | D31: =IF(E31>17,"17.20","")
A32: 45747 | D32: =IF(E32>17,"17.20","")
A34: =M18*173.07 -> 5105.565 | B34: =N18*115.38 -> 0 | C34: =A34+B34 -> 5105.565
